{
    "num_transformer_blocks": {
        "average": 1.99,
        "median": 2.0,
        "max": 3,
        "min": 1,
        "90th_percentile": 3.0
    },
    "head_size": {
        "average": 156.21,
        "median": 155.5,
        "max": 254,
        "min": 33,
        "90th_percentile": 241.0
    },
    "num_heads": {
        "average": 4.12,
        "median": 4.0,
        "max": 8,
        "min": 2,
        "90th_percentile": 8.0
    },
    "ff_dim": {
        "average": 30.76,
        "median": 31.5,
        "max": 64,
        "min": 2,
        "90th_percentile": 58.10000000000001
    },
    "transformer_dropout": {
        "average": 0.2649512430767302,
        "median": 0.2737760264279587,
        "max": 0.4975203108528067,
        "min": 0.002678004579745819,
        "90th_percentile": 0.45655330387157494
    },
    "num_mlp_layers": {
        "average": 1.87,
        "median": 2.0,
        "max": 3,
        "min": 1,
        "90th_percentile": 3.0
    },
    "mlp_units_0": {
        "average": 258.96,
        "median": 257.5,
        "max": 507,
        "min": 37,
        "90th_percentile": 417.1
    },
    "mlp_dropout": {
        "average": 0.21614606361509986,
        "median": 0.20600593668861594,
        "max": 0.4995396519116231,
        "min": 0.003807184213854343,
        "90th_percentile": 0.4085750698285138
    },
    "learning_rate": {
        "average": 0.013631587044612934,
        "median": 0.002718701486216565,
        "max": 0.07293378728002924,
        "min": 0.00010422670118130308,
        "90th_percentile": 0.043964417037705594
    },
    "decay_steps": {
        "average": 5512.64,
        "median": 5565.0,
        "max": 9928,
        "min": 1237,
        "90th_percentile": 8788.0
    },
    "decay_rate": {
        "average": 0.8911796108526968,
        "median": 0.88108649962133,
        "max": 0.9885009049982588,
        "min": 0.8100701342924713,
        "90th_percentile": 0.9723744869107604
    },
    "mlp_units_1": {
        "average": 276.58,
        "median": 276.0,
        "max": 507,
        "min": 32,
        "90th_percentile": 466.1
    },
    "mlp_units_2": {
        "average": 263.78,
        "median": 260.0,
        "max": 508,
        "min": 36,
        "90th_percentile": 450.40000000000003
    },
    "mlp_units_3": {
        "average": 266.02,
        "median": 267.0,
        "max": 499,
        "min": 39,
        "90th_percentile": 456.3
    }
}