{
  "num_transformer_blocks": 3,
  "head_size": 245,
  "num_heads": 2,
  "ff_dim": 34,
  "transformer_dropout": 0.26170955635525006,
  "num_mlp_layers": 1,
  "mlp_units_0": 422,
  "mlp_dropout": 0.007278367274014043,
  "learning_rate": 0.0004184464969282548,
  "decay_steps": 9780,
  "decay_rate": 0.8722157949704078,
  "mlp_units_1": 339,
  "mlp_units_2": 150,
  "mlp_units_3": 351
}