{"gamma": 0.8536495199979559, "learning_rate": 0.3103271943094931, "max_depth": 8, "min_child_weight": 10, "n_estimators": 1735, "reg_alpha": 0.06231294084407148, "reg_lambda": 0.6915426913928758, "subsample": 0.8060762192885254}