{
  "num_transformer_blocks": 3,
  "head_size": 158,
  "num_heads": 8,
  "ff_dim": 64,
  "transformer_dropout": 0.3866489305391361,
  "num_mlp_layers": 1,
  "mlp_units_0": 387,
  "mlp_dropout": 0.39851360627722243,
  "learning_rate": 0.004291224088970546,
  "decay_steps": 4458,
  "decay_rate": 0.8,
  "mlp_units_1": 296,
  "mlp_units_2": 512,
  "mlp_units_3": 32
}