{
    "num_transformer_blocks": {
        "average": 2.5,
        "median": 3.0,
        "max": 3,
        "min": 1,
        "90th_percentile": 3.0
    },
    "head_size": {
        "average": 140.83,
        "median": 140.0,
        "max": 256,
        "min": 32,
        "90th_percentile": 256.0
    },
    "num_heads": {
        "average": 5.9,
        "median": 8.0,
        "max": 8,
        "min": 2,
        "90th_percentile": 8.0
    },
    "ff_dim": {
        "average": 32.9,
        "median": 29.5,
        "max": 64,
        "min": 2,
        "90th_percentile": 64.0
    },
    "transformer_dropout": {
        "average": 0.2685679504017986,
        "median": 0.27999343913171326,
        "max": 0.5,
        "min": 0.0,
        "90th_percentile": 0.46742547274278534
    },
    "num_mlp_layers": {
        "average": 1.87,
        "median": 2.0,
        "max": 3,
        "min": 1,
        "90th_percentile": 3.0
    },
    "mlp_units_0": {
        "average": 348.16,
        "median": 449.5,
        "max": 512,
        "min": 32,
        "90th_percentile": 512.0
    },
    "mlp_dropout": {
        "average": 0.20917732426522387,
        "median": 0.2185785186372256,
        "max": 0.5,
        "min": 0.0,
        "90th_percentile": 0.4584482140527344
    },
    "learning_rate": {
        "average": 0.003805209921784413,
        "median": 0.0023411629702222,
        "max": 0.048596692971927105,
        "min": 0.0001,
        "90th_percentile": 0.0061397048282020705
    },
    "decay_steps": {
        "average": 5592.71,
        "median": 5496.5,
        "max": 10000,
        "min": 1000,
        "90th_percentile": 9962.2
    },
    "decay_rate": {
        "average": 0.8759152503610993,
        "median": 0.8651485000834355,
        "max": 0.99,
        "min": 0.8,
        "90th_percentile": 0.99
    },
    "mlp_units_1": {
        "average": 352.57,
        "median": 477.5,
        "max": 512,
        "min": 32,
        "90th_percentile": 512.0
    },
    "mlp_units_2": {
        "average": 367.33,
        "median": 489.0,
        "max": 512,
        "min": 32,
        "90th_percentile": 512.0
    },
    "mlp_units_3": {
        "average": 286.84,
        "median": 299.0,
        "max": 512,
        "min": 32,
        "90th_percentile": 512.0
    }
}