{
    "D-features;L-ct_two_state;W-CB_trend_interval_return;M-transformer": {
       "train_cv_mean": {
          "loss": 0.6223134636878968,
          "accuracy": 0.6641657829284668,
          "precision": 0.6625714540481568,
          "recall": 0.6812535643577575,
          "auc": 0.7150813102722168
       },
       "validation_cv_mean": {
          "loss": 0.6577941060066224,
          "accuracy": 0.6324455738067627,
          "precision": 0.6483583331108094,
          "recall": 0.5921097874641419,
          "auc": 0.6776064395904541
       },
       "best_model_train": {
          "loss": 0.61784428358078,
          "accuracy": 0.6680333614349365,
          "precision": 0.6763470768928528,
          "recall": 0.649539589881897,
          "auc": 0.7218042612075806,
          "cumulative_return": -0.8060366156279025,
          "threshold": 0.7990000000000004
       },
       "best_model_test": {
          "loss": 0.6877374053001404,
          "accuracy": 0.6030566096305847,
          "precision": 0.6449893116950989,
          "recall": 0.49067315459251404,
          "auc": 0.6484232544898987,
          "cumulative_return": -0.023145738283996978,
          "threshold": 0.7890000000000004
       }
    },
    "D-features;L-ct_three_state;W-CB_trend_interval_return;M-transformer": {
       "train_cv_mean": {
          "loss": 0.33556172251701355,
          "accuracy": 0.8623169660568237,
          "precision": 0.7249664783477783,
          "recall": 0.8014988780021668,
          "auc": 0.9267163276672363
       },
       "validation_cv_mean": {
          "loss": 0.6143613219261169,
          "accuracy": 0.7792235374450683,
          "precision": 0.70974760055542,
          "recall": 0.6320249199867248,
          "auc": 0.8578265190124512
       },
       "best_model_train": {
          "loss": 0.4109315276145935,
          "accuracy": 0.8186723589897156,
          "precision": 0.7089623212814331,
          "recall": 0.7180417776107788,
          "auc": 0.8861124515533447,
          "cumulative_return": -0.6643752946879345,
          "threshold": 0.7930000000000004
       },
       "best_model_test": {
          "loss": 0.48449862003326416,
          "accuracy": 0.7930607199668884,
          "precision": 0.7637321352958679,
          "recall": 0.8444259762763977,
          "auc": 0.8701296448707581,
          "cumulative_return": -0.03421392436399383,
          "threshold": 0.7340000000000003
       }
    },
    "D-features;L-fixed_time_horizon;W-CB_trend_interval_return;M-transformer": {
       "train_cv_mean": {
          "loss": 0.7055632948875428,
          "accuracy": 0.5569569230079651,
          "precision": 0.5655050158500672,
          "recall": 0.6744362056255341,
          "auc": 0.5765036046504974
       },
       "validation_cv_mean": {
          "loss": 0.7215193152427674,
          "accuracy": 0.5456560969352722,
          "precision": 0.5535454988479614,
          "recall": 0.6515736043453216,
          "auc": 0.5605536222457885
       },
       "best_model_train": {
          "loss": 0.6865234971046448,
          "accuracy": 0.6095489263534546,
          "precision": 0.6200846433639526,
          "recall": 0.6193915605545044,
          "auc": 0.6526085138320923,
          "cumulative_return": -0.9823875013998922,
          "threshold": 0.7990000000000004
       },
       "best_model_test": {
          "loss": 0.7200507521629333,
          "accuracy": 0.5914911031723022,
          "precision": 0.597966730594635,
          "recall": 0.5387177467346191,
          "auc": 0.6304414868354797,
          "cumulative_return": -0.07776736539199028,
          "threshold": 0.7860000000000004
       }
    },
    "D-features;L-oracle;W-CB_trend_interval_return;M-transformer": {
       "train_cv_mean": {
          "loss": 0.6588884472846985,
          "accuracy": 0.631349778175354,
          "precision": 0.6346247792243958,
          "recall": 0.7905662894248963,
          "auc": 0.6748719096183777
       },
       "validation_cv_mean": {
          "loss": 0.7092395305633545,
          "accuracy": 0.5997968316078186,
          "precision": 0.6269613623619079,
          "recall": 0.7255827069282532,
          "auc": 0.6306187629699707
       },
       "best_model_train": {
          "loss": 0.666267991065979,
          "accuracy": 0.6155114769935608,
          "precision": 0.62261563539505,
          "recall": 0.7857699990272522,
          "auc": 0.6551478505134583,
          "cumulative_return": -0.9572763748998941,
          "threshold": 0.7990000000000004
       },
       "best_model_test": {
          "loss": 0.7419313788414001,
          "accuracy": 0.577860414981842,
          "precision": 0.6366065740585327,
          "recall": 0.6659678816795349,
          "auc": 0.5644957423210144,
          "cumulative_return": -0.07365267049598988,
          "threshold": 0.7980000000000004
       }
    },
    "D-features;L-ct_two_state;W-CB_forward_looking;M-transformer": {
       "train_cv_mean": {
          "loss": 0.633435595035553,
          "accuracy": 0.6523710489273071,
          "precision": 0.6570417523384094,
          "recall": 0.6656781315803528,
          "auc": 0.7041618585586548
       },
       "validation_cv_mean": {
          "loss": 0.6621369004249573,
          "accuracy": 0.6203436255455017,
          "precision": 0.638655960559845,
          "recall": 0.6157670080661773,
          "auc": 0.6685749292373657
       },
       "best_model_train": {
          "loss": 0.6469693779945374,
          "accuracy": 0.6539514660835266,
          "precision": 0.6777647137641907,
          "recall": 0.5922341346740723,
          "auc": 0.700610339641571,
          "cumulative_return": -0.021565034131997708,
          "threshold": 0.7990000000000004
       },
       "best_model_test": {
          "loss": 0.6649258732795715,
          "accuracy": 0.6261875033378601,
          "precision": 0.66015625,
          "recall": 0.5482562780380249,
          "auc": 0.6591779589653015,
          "cumulative_return": 0.00034265501600129933,
          "threshold": 0.6770000000000003
       }
    },
    "D-features;L-ct_three_state;W-CB_forward_looking;M-transformer": {
       "train_cv_mean": {
          "loss": 0.3691316723823547,
          "accuracy": 0.8456869482994079,
          "precision": 0.7160269856452942,
          "recall": 0.717281985282898,
          "auc": 0.899177634716034
       },
       "validation_cv_mean": {
          "loss": 0.6577245712280273,
          "accuracy": 0.7649308681488037,
          "precision": 0.7064118146896362,
          "recall": 0.5281428933143616,
          "auc": 0.8161267876625061
       },
       "best_model_train": {
          "loss": 0.392668217420578,
          "accuracy": 0.8341602087020874,
          "precision": 0.7390953898429871,
          "recall": 0.7303568124771118,
          "auc": 0.8961063027381897,
          "cumulative_return": -0.6197912364239261,
          "threshold": 0.7980000000000004
       },
       "best_model_test": {
          "loss": 0.5235929489135742,
          "accuracy": 0.7472118735313416,
          "precision": 0.6790048480033875,
          "recall": 0.9309484362602234,
          "auc": 0.8800945281982422,
          "cumulative_return": 0.0012367502520020935,
          "threshold": 0.43800000000000006
       }
    },
    "D-features;L-ct_two_state;W-CB_none;M-transformer": {
       "train_cv_mean": {
          "loss": 62.33378982543945,
          "accuracy": 0.49580731987953186,
          "precision": 0.0,
          "recall": 0.0,
          "auc": 0.5
       },
       "validation_cv_mean": {
          "loss": 57.66844253540039,
          "accuracy": 0.49842321276664736,
          "precision": 0.0,
          "recall": 0.0,
          "auc": 0.5
       },
       "best_model_train": {
          "loss": 64.59294891357422,
          "accuracy": 0.4979977607727051,
          "precision": 0.0,
          "recall": 0.0,
          "auc": 0.5,
          "cumulative_return": 0.0,