{
    "lstm_units_0": {
        "average": 176.5,
        "median": 176.5,
        "max": 321,
        "min": 32,
        "90th_percentile": 292.1
    },
    "num_lstm_layers": {
        "average": 2.5,
        "median": 2.5,
        "max": 3,
        "min": 2,
        "90th_percentile": 2.9
    },
    "dense_units": {
        "average": 96.5,
        "median": 96.5,
        "max": 161,
        "min": 32,
        "90th_percentile": 148.1
    },
    "dropout_rate_dense": {
        "average": 0.18786394824213296,
        "median": 0.18786394824213296,
        "max": 0.3757278964842659,
        "min": 0.0,
        "90th_percentile": 0.3381551068358393
    },
    "learning_rate": {
        "average": 0.05010895758378474,
        "median": 0.05010895758378474,
        "max": 0.1,
        "min": 0.00021791516756946953,
        "90th_percentile": 0.09002179151675696
    },
    "decay_steps": {
        "average": 3710.0,
        "median": 3710.0,
        "max": 6420,
        "min": 1000,
        "90th_percentile": 5878.0
    },
    "decay_rate": {
        "average": 0.8613003610872086,
        "median": 0.8613003610872086,
        "max": 0.9226007221744172,
        "min": 0.8,
        "90th_percentile": 0.9103406499569755
    },
    "lstm_units_1": {
        "average": 295.0,
        "median": 295.0,
        "max": 512,
        "min": 78,
        "90th_percentile": 468.6
    },
    "lstm_units_2": {
        "average": 250.5,
        "median": 250.5,
        "max": 469,
        "min": 32,
        "90th_percentile": 425.3
    },
    "lstm_units_3": {
        "average": 295.5,
        "median": 295.5,
        "max": 512,
        "min": 79,
        "90th_percentile": 468.7
    }
}