{"n_estimators": 186, "booster": "gblinear", "lambda": 0.010895044633341223, "alpha": 0.022541971833141154, "learning_rate": 0.0016436503032762084, "max_depth": 18, "min_child_weight": 5, "colsample_bytree": 1.0, "subsample": 1.0}