{
    "num_transformer_blocks": {
        "average": 2.13,
        "median": 2.0,
        "max": 3,
        "min": 1,
        "90th_percentile": 3.0
    },
    "head_size": {
        "average": 134.94,
        "median": 130.0,
        "max": 253,
        "min": 32,
        "90th_percentile": 228.20000000000002
    },
    "num_heads": {
        "average": 4.6,
        "median": 4.0,
        "max": 8,
        "min": 2,
        "90th_percentile": 8.0
    },
    "ff_dim": {
        "average": 38.16,
        "median": 40.5,
        "max": 64,
        "min": 2,
        "90th_percentile": 64.0
    },
    "transformer_dropout": {
        "average": 0.24108578013300214,
        "median": 0.2621882763145499,
        "max": 0.5,
        "min": 0.0,
        "90th_percentile": 0.5
    },
    "num_mlp_layers": {
        "average": 2.02,
        "median": 2.0,
        "max": 3,
        "min": 1,
        "90th_percentile": 3.0
    },
    "mlp_units_0": {
        "average": 261.85,
        "median": 259.5,
        "max": 512,
        "min": 32,
        "90th_percentile": 507.40000000000003
    },
    "mlp_dropout": {
        "average": 0.22019558026925817,
        "median": 0.18753860561945074,
        "max": 0.5,
        "min": 0.0,
        "90th_percentile": 0.49612563685373157
    },
    "learning_rate": {
        "average": 0.007809473412077602,
        "median": 0.0018260451933272029,
        "max": 0.08557200345320361,
        "min": 0.0001,
        "90th_percentile": 0.024768481278346
    },
    "decay_steps": {
        "average": 5784.74,
        "median": 6027.5,
        "max": 10000,
        "min": 1000,
        "90th_percentile": 9569.900000000001
    },
    "decay_rate": {
        "average": 0.8989688189123889,
        "median": 0.8990081032629784,
        "max": 0.99,
        "min": 0.8,
        "90th_percentile": 0.9689455955919243
    },
    "mlp_units_1": {
        "average": 284.98,
        "median": 290.0,
        "max": 512,
        "min": 32,
        "90th_percentile": 512.0
    },
    "mlp_units_2": {
        "average": 257.47,
        "median": 267.0,
        "max": 512,
        "min": 32,
        "90th_percentile": 476.2000000000001
    },
    "mlp_units_3": {
        "average": 281.5,
        "median": 272.0,
        "max": 512,
        "min": 32,
        "90th_percentile": 498.50000000000006
    }
}