{
    "best_trial": {
        "trial_num": 74,
        "hyperparameters": {
            "num_transformer_blocks": 2,
            "head_size": 183,
            "num_heads": 4,
            "ff_dim": 63,
            "transformer_dropout": 0.3193369735469176,
            "num_mlp_layers": 1,
            "mlp_units_0": 43,
            "mlp_dropout": 0.0035002528343322523,
            "learning_rate": 0.002358525178712037,
            "decay_steps": 7531,
            "decay_rate": 0.8861276675387175,
            "mlp_units_1": 484,
            "mlp_units_2": 420,
            "mlp_units_3": 457
        },
        "score": 0.5753608584403992,
        "metrics": {
            "train_loss": 0.706510043144226,
            "val_loss": 0.8050385296344758,
            "train_binary_accuracy": 0.4172302812337875,
            "val_binary_accuracy": 0.45124223828315735,
            "train_precision": 0.6786604404449463,
            "val_precision": 0.3512926518917084,
            "train_recall": 0.19765507532283663,
            "val_recall": 0.27916355431079865,
            "train_auc": 0.5665884912014008,
            "val_auc": 0.5753608584403992
        }
    },
    "worst_trial": {
        "trial_num": 25,
        "hyperparameters": {
            "num_transformer_blocks": 3,
            "head_size": 212,
            "num_heads": 8,
            "ff_dim": 34,
            "transformer_dropout": 0.1551808519306022,
            "num_mlp_layers": 3,
            "mlp_units_0": 344,
            "mlp_dropout": 0.3728560988942264,
            "learning_rate": 0.05553944936420373,
            "decay_steps": 7377,
            "decay_rate": 0.8382554142792158,
            "mlp_units_1": 246,
            "mlp_units_2": 166,
            "mlp_units_3": 413
        },
        "score": 0.5054092049598694,
        "metrics": {
            "train_loss": 171.55911930799485,
            "val_loss": 136.64894645214082,
            "train_binary_accuracy": 0.42045333981513977,
            "val_binary_accuracy": 0.4288819879293442,
            "train_precision": 0.19958649277687074,
            "val_precision": 0.1894409954547882,
            "train_recall": 0.3,
            "val_recall": 0.3,
            "train_auc": 0.5000840961933136,
            "val_auc": 0.5054092049598694
        }
    }
}