{
    "num_transformer_blocks": {
        "average": 2.066666666666667,
        "median": 2.0,
        "max": 3,
        "min": 1,
        "90th_percentile": 3.0
    },
    "head_size": {
        "average": 110.6,
        "median": 54.0,
        "max": 256,
        "min": 32,
        "90th_percentile": 221.4
    },
    "num_heads": {
        "average": 4.133333333333334,
        "median": 4.0,
        "max": 8,
        "min": 2,
        "90th_percentile": 8.0
    },
    "ff_dim": {
        "average": 33.93333333333333,
        "median": 39.0,
        "max": 64,
        "min": 2,
        "90th_percentile": 64.0
    },
    "transformer_dropout": {
        "average": 0.20991510869254928,
        "median": 0.1463408732374019,
        "max": 0.5,
        "min": 0.0,
        "90th_percentile": 0.5
    },
    "num_mlp_layers": {
        "average": 2.2666666666666666,
        "median": 2.0,
        "max": 3,
        "min": 1,
        "90th_percentile": 3.0
    },
    "mlp_units_0": {
        "average": 271.73333333333335,
        "median": 206.0,
        "max": 512,
        "min": 32,
        "90th_percentile": 512.0
    },
    "mlp_dropout": {
        "average": 0.2558082920141454,
        "median": 0.25350556839971683,
        "max": 0.5,
        "min": 0.0,
        "90th_percentile": 0.5
    },
    "learning_rate": {
        "average": 0.009780508265762081,
        "median": 0.00039580866860712414,
        "max": 0.1,
        "min": 0.0001,
        "90th_percentile": 0.0236388284504414
    },
    "decay_steps": {
        "average": 6944.066666666667,
        "median": 9224.0,
        "max": 10000,
        "min": 1000,
        "90th_percentile": 10000.0
    },
    "decay_rate": {
        "average": 0.892196928383468,
        "median": 0.9345798803585424,
        "max": 0.99,
        "min": 0.8,
        "90th_percentile": 0.99
    },
    "mlp_units_1": {
        "average": 211.26666666666668,
        "median": 119.0,
        "max": 512,
        "min": 32,
        "90th_percentile": 499.59999999999997
    },
    "mlp_units_2": {
        "average": 234.93333333333334,
        "median": 155.0,
        "max": 512,
        "min": 32,
        "90th_percentile": 512.0
    },
    "mlp_units_3": {
        "average": 256.8666666666667,
        "median": 265.0,
        "max": 512,
        "min": 32,
        "90th_percentile": 512.0
    }
}