{
    "best_trial": {
        "trial_num": 15,
        "hyperparameters": {
            "num_transformer_blocks": 2,
            "head_size": 51,
            "num_heads": 4,
            "ff_dim": 51,
            "transformer_dropout": 0.07967131428209225,
            "num_mlp_layers": 2,
            "mlp_units_0": 181,
            "mlp_dropout": 0.45542614677239407,
            "learning_rate": 0.00019039068240591292,
            "decay_steps": 8425,
            "decay_rate": 0.9452103479493946,
            "mlp_units_1": 187,
            "mlp_units_2": 495,
            "mlp_units_3": 182
        },
        "score": 0.7510844111442566,
        "metrics": {
            "train_loss": 0.5719948530197143,
            "val_loss": 0.5966102361679078,
            "train_binary_accuracy": 0.7076751708984375,
            "val_binary_accuracy": 0.6862001061439514,
            "train_precision": 0.7097736954689026,
            "val_precision": 0.6831064224243164,
            "train_recall": 0.7029286623001099,
            "val_recall": 0.6967089295387268,
            "train_auc": 0.7787689447402955,
            "val_auc": 0.7510844111442566
        }
    },
    "worst_trial": {
        "trial_num": 6,
        "hyperparameters": {
            "num_transformer_blocks": 2,
            "head_size": 182,
            "num_heads": 2,
            "ff_dim": 44,
            "transformer_dropout": 0.44061615096851897,
            "num_mlp_layers": 3,
            "mlp_units_0": 339,
            "mlp_dropout": 0.0711311304676805,
            "learning_rate": 0.04689425350024578,
            "decay_steps": 5291,
            "decay_rate": 0.9529140380387862,
            "mlp_units_1": 318,
            "mlp_units_2": 131,
            "mlp_units_3": 362
        },
        "score": 0.4999287724494934,
        "metrics": {
            "train_loss": 0.6933888077735901,
            "val_loss": 1.500144398212433,
            "train_binary_accuracy": 0.4999975085258484,
            "val_binary_accuracy": 0.49999997615814207,
            "train_precision": 0.2999990463256836,
            "val_precision": 0.2999997496604919,
            "train_recall": 0.6,
            "val_recall": 0.6,
            "train_auc": 0.5000000119209289,
            "val_auc": 0.4999287724494934
        }
    }
}