{"n_estimators": 153, "booster": "dart", "lambda": 0.03887189643129381, "alpha": 0.0026524556795984528, "learning_rate": 0.005377268526116555, "max_depth": 23, "min_child_weight": 3, "colsample_bytree": 0.8, "subsample": 0.8}