{
    "best_trial": {
        "hyperparameters": {
            "conv_filters_0": 90,
            "conv_kernel_size_0": 3,
            "num_conv_layers": 1,
            "conv_pool_size": 2,
            "conv_dropout": 0.03459262123136992,
            "num_lstm_layers": 3,
            "lstm_dropout": 0.09098787969807022,
            "dense_units": 106,
            "learning_rate": 0.0033346846847700632,
            "decay_steps": 2478,
            "decay_rate": 0.8303802738828068,
            "conv_filters_1": 63,
            "conv_kernel_size_1": 5,
            "conv_filters_2": 62,
            "conv_kernel_size_2": 5,
            "lstm_units_0": 357,
            "lstm_units_1": 298,
            "lstm_units_2": 194
        },
        "score": 0.6458793878555298
    },
    "worst_trial": {
        "hyperparameters": {
            "conv_filters_0": 52,
            "conv_kernel_size_0": 5,
            "num_conv_layers": 3,
            "conv_pool_size": 3,
            "conv_dropout": 0.4118008886797612,
            "num_lstm_layers": 1,
            "lstm_dropout": 0.10383535641753029,
            "dense_units": 121,
            "learning_rate": 0.027349107810332812,
            "decay_steps": 8200,
            "decay_rate": 0.8246682996775926,
            "conv_filters_1": 126,
            "conv_kernel_size_1": 3,
            "conv_filters_2": 115,
            "conv_kernel_size_2": 3,
            "lstm_units_0": 41,
            "lstm_units_1": 363,
            "lstm_units_2": 444
        },
        "score": 0.31424784660339355
    }
}