{
    "SGD": {
        "train": [
            0.6839405298233032,
            0.633557915687561,
            0.669762909412384,
            0.8910568952560425
        ],
        "val": [
            0.6993473172187805,
            0.37880104780197144,
            0.6692307591438293,
            0.1146245077252388
        ]
    },
    "RMSprop": {
        "train": [
            0.68390291929245,
            0.6683329939842224,
            0.6683329939842224,
            1.0
        ],
        "val": [
            0.6854555606842041,
            0.6594265699386597,
            0.6594265699386597,
            1.0
        ]
    },
    "Adam": {
        "train": [
            0.6916748285293579,
            0.6683329939842224,
            0.6683329939842224,
            1.0
        ],
        "val": [
            0.6919187307357788,
            0.6594265699386597,
            0.6594265699386597,
            1.0
        ]
    },
    "Adadelta": {
        "train": [
            0.6850847601890564,
            0.6683329939842224,
            0.6683329939842224,
            1.0
        ],
        "val": [
            0.6903928518295288,
            0.6437880396842957,
            0.6623255610466003,
            0.9380764365196228
        ]
    },
    "Adagrad": {
        "train": [
            0.6906208992004395,
            0.5318409204483032,
            0.6803760528564453,
            0.5648780465126038
        ],
        "val": [
            0.7081899046897888,
            0.34057340025901794,
            0.0,
            0.0
        ]
    },
    "Adamax": {
        "train": [
            0.6910025477409363,
            0.5618343949317932,
            0.6841739416122437,
            0.6396747827529907
        ],
        "val": [
            0.7008432745933533,
            0.3501303195953369,
            0.6896551847457886,
            0.026350460946559906
        ]
    },
    "Nadam": {
        "train": [
            0.7069388628005981,
            0.3316670358181,
            0.0,
            0.0
        ],
        "val": [
            0.7067702412605286,
            0.34057340025901794,
            0.0,
            0.0
        ]
    },
    "Ftrl": {
        "train": [
            0.69251549243927,
            0.6683329939842224,
            0.6683329939842224,
            1.0
        ],
        "val": [
            0.6925488710403442,
            0.6594265699386597,
            0.6594265699386597,
            1.0
        ]
    }
}