{
  "num_transformer_blocks": 2,
  "head_size": 222,
  "num_heads": 4,
  "ff_dim": 51,
  "transformer_dropout": 0.33752554549024294,
  "num_mlp_layers": 1,
  "mlp_units_0": 368,
  "mlp_dropout": 0.013377415937002427,
  "learning_rate": 0.005377100570676762,
  "decay_steps": 1304,
  "decay_rate": 0.9807418446817856,
  "mlp_units_1": 35,
  "mlp_units_2": 226,
  "mlp_units_3": 381
}