{
    "num_transformer_blocks": {
        "average": 2.09,
        "median": 2.0,
        "max": 3,
        "min": 1,
        "90th_percentile": 3.0
    },
    "head_size": {
        "average": 128.0,
        "median": 121.5,
        "max": 256,
        "min": 32,
        "90th_percentile": 236.0
    },
    "num_heads": {
        "average": 4.54,
        "median": 4.0,
        "max": 8,
        "min": 2,
        "90th_percentile": 8.0
    },
    "ff_dim": {
        "average": 34.02,
        "median": 35.5,
        "max": 64,
        "min": 2,
        "90th_percentile": 61.0
    },
    "transformer_dropout": {
        "average": 0.30200894561769875,
        "median": 0.3261416205394646,
        "max": 0.5,
        "min": 0.0,
        "90th_percentile": 0.5
    },
    "num_mlp_layers": {
        "average": 1.79,
        "median": 1.0,
        "max": 3,
        "min": 1,
        "90th_percentile": 3.0
    },
    "mlp_units_0": {
        "average": 289.81,
        "median": 288.0,
        "max": 512,
        "min": 32,
        "90th_percentile": 497.1
    },
    "mlp_dropout": {
        "average": 0.2779011025112332,
        "median": 0.2900250894222587,
        "max": 0.5,
        "min": 0.0,
        "90th_percentile": 0.47748982102164167
    },
    "learning_rate": {
        "average": 0.006500406128223657,
        "median": 0.0016303440550293263,
        "max": 0.08672832129790924,
        "min": 0.0001,
        "90th_percentile": 0.018793394271350124
    },
    "decay_steps": {
        "average": 5761.81,
        "median": 5631.5,
        "max": 10000,
        "min": 1000,
        "90th_percentile": 10000.0
    },
    "decay_rate": {
        "average": 0.8965891753227139,
        "median": 0.8955719942819316,
        "max": 0.99,
        "min": 0.8,
        "90th_percentile": 0.99
    },
    "mlp_units_1": {
        "average": 319.11,
        "median": 350.0,
        "max": 512,
        "min": 32,
        "90th_percentile": 512.0
    },
    "mlp_units_2": {
        "average": 311.64,
        "median": 339.5,
        "max": 512,
        "min": 32,
        "90th_percentile": 512.0
    },
    "mlp_units_3": {
        "average": 260.94,
        "median": 256.5,
        "max": 512,
        "min": 32,
        "90th_percentile": 498.0
    }
}