{
    "best_trial": {
        "trial_num": 31,
        "hyperparameters": {
            "num_transformer_blocks": 2,
            "head_size": 142,
            "num_heads": 4,
            "ff_dim": 30,
            "transformer_dropout": 0.4166059627609163,
            "num_mlp_layers": 1,
            "mlp_units_0": 394,
            "mlp_dropout": 0.18685994237030198,
            "learning_rate": 0.0019866480363070625,
            "decay_steps": 5671,
            "decay_rate": 0.8652122906327523,
            "mlp_units_1": 153,
            "mlp_units_2": 485,
            "mlp_units_3": 202
        },
        "score": 0.5891734302043915,
        "metrics": {
            "train_loss": 0.7730106472969055,
            "val_loss": 0.7717185020446777,
            "train_binary_accuracy": 0.5372056514024734,
            "val_binary_accuracy": 0.4972049713134766,
            "train_precision": 0.6493889212608337,
            "val_precision": 0.4925612211227417,
            "train_recall": 0.4452520784921944,
            "val_recall": 0.36341957859694957,
            "train_auc": 0.6472070157527924,
            "val_auc": 0.5891734302043915
        }
    },
    "worst_trial": {
        "trial_num": 17,
        "hyperparameters": {
            "num_transformer_blocks": 3,
            "head_size": 153,
            "num_heads": 8,
            "ff_dim": 12,
            "transformer_dropout": 0.014854528576076501,
            "num_mlp_layers": 2,
            "mlp_units_0": 146,
            "mlp_dropout": 0.4924671155867078,
            "learning_rate": 0.06696595857013182,
            "decay_steps": 1793,
            "decay_rate": 0.9529613631074806,
            "mlp_units_1": 331,
            "mlp_units_2": 207,
            "mlp_units_3": 120
        },
        "score": 0.5047995090484619,
        "metrics": {
            "train_loss": 3401.7152547717096,
            "val_loss": 9323.053890734911,
            "train_binary_accuracy": 0.36931864619255067,
            "val_binary_accuracy": 0.39254658222198485,
            "train_precision": 0.11046002507209778,
            "val_precision": 0.42300431728363036,
            "train_recall": 0.10031128404662012,
            "val_recall": 0.10354603510349988,
            "train_auc": 0.4998630702495575,
            "val_auc": 0.5047995090484619
        }
    }
}