{
    "best_trial": {
        "trial_num": 3,
        "hyperparameters": {
            "num_transformer_blocks": 3,
            "head_size": 150,
            "num_heads": 4,
            "ff_dim": 25,
            "transformer_dropout": 0.23658583116693271,
            "num_mlp_layers": 2,
            "mlp_units_0": 486,
            "mlp_dropout": 0.18504082230659905,
            "learning_rate": 0.0004823615182627504,
            "decay_steps": 9511,
            "decay_rate": 0.8532959678980491,
            "mlp_units_1": 185,
            "mlp_units_2": 159,
            "mlp_units_3": 440
        },
        "score": 0.920471978187561,
        "metrics": {
            "train_loss": 0.2750862777233124,
            "val_loss": 0.37737988233566283,
            "train_binary_accuracy": 0.8833577036857605,
            "val_binary_accuracy": 0.8455659508705139,
            "train_precision": 0.8671581506729126,
            "val_precision": 0.8282546520233154,
            "train_recall": 0.8573031663894654,
            "val_recall": 0.7839983582496644,
            "train_auc": 0.9518396258354187,
            "val_auc": 0.920471978187561
        }
    },
    "worst_trial": {
        "trial_num": 1,
        "hyperparameters": {
            "num_transformer_blocks": 2,
            "head_size": 118,
            "num_heads": 4,
            "ff_dim": 16,
            "transformer_dropout": 0.25923794602325606,
            "num_mlp_layers": 3,
            "mlp_units_0": 276,
            "mlp_dropout": 0.3861417361733626,
            "learning_rate": 0.024388803888796023,
            "decay_steps": 6616,
            "decay_rate": 0.9285320784855394,
            "mlp_units_1": 204,
            "mlp_units_2": 326,
            "mlp_units_3": 48
        },
        "score": 0.5,
        "metrics": {
            "train_loss": 0.6378468990325927,
            "val_loss": 0.6306094169616699,
            "train_binary_accuracy": 0.5534671008586883,
            "val_binary_accuracy": 0.5487781882286071,
            "train_precision": 0.08881595134735107,
            "val_precision": 0.07743526697158813,
            "train_recall": 0.2,
            "val_recall": 0.2,
            "train_auc": 0.5,
            "val_auc": 0.5
        }
    }
}