{
  "num_transformer_blocks": 3,
  "head_size": 98,
  "num_heads": 4,
  "ff_dim": 42,
  "transformer_dropout": 0.026397115053340033,
  "num_mlp_layers": 2,
  "mlp_units_0": 460,
  "mlp_dropout": 0.22632821288256677,
  "learning_rate": 0.00039721815639393276,
  "decay_steps": 4686,
  "decay_rate": 0.8538150263343995,
  "mlp_units_1": 487,
  "mlp_units_2": 473,
  "mlp_units_3": 422
}