{
    "num_transformer_blocks": {
        "average": 2.1333333333333333,
        "median": 2.0,
        "max": 3,
        "min": 1,
        "90th_percentile": 3.0
    },
    "head_size": {
        "average": 135.13333333333333,
        "median": 137.0,
        "max": 256,
        "min": 32,
        "90th_percentile": 251.2
    },
    "num_heads": {
        "average": 4.533333333333333,
        "median": 4.0,
        "max": 8,
        "min": 2,
        "90th_percentile": 8.0
    },
    "ff_dim": {
        "average": 37.86666666666667,
        "median": 48.0,
        "max": 64,
        "min": 2,
        "90th_percentile": 64.0
    },
    "transformer_dropout": {
        "average": 0.2994808843758486,
        "median": 0.3684712699126569,
        "max": 0.5,
        "min": 0.0,
        "90th_percentile": 0.5
    },
    "num_mlp_layers": {
        "average": 2.0,
        "median": 2.0,
        "max": 3,
        "min": 1,
        "90th_percentile": 3.0
    },
    "mlp_units_0": {
        "average": 284.8666666666667,
        "median": 308.0,
        "max": 512,
        "min": 32,
        "90th_percentile": 512.0
    },
    "mlp_dropout": {
        "average": 0.23999151922359513,
        "median": 0.29356523069426615,
        "max": 0.5,
        "min": 0.0,
        "90th_percentile": 0.4997766904627454
    },
    "learning_rate": {
        "average": 0.01050150107268749,
        "median": 0.0011169145083503456,
        "max": 0.0665335551394963,
        "min": 0.0001,
        "90th_percentile": 0.03866337691895713
    },
    "decay_steps": {
        "average": 5441.333333333333,
        "median": 6555.0,
        "max": 10000,
        "min": 1000,
        "90th_percentile": 9808.0
    },
    "decay_rate": {
        "average": 0.9158798513531331,
        "median": 0.9557513103453432,
        "max": 0.99,
        "min": 0.8,
        "90th_percentile": 0.99
    },
    "mlp_units_1": {
        "average": 253.8,
        "median": 127.0,
        "max": 512,
        "min": 32,
        "90th_percentile": 512.0
    },
    "mlp_units_2": {
        "average": 283.2,
        "median": 304.0,
        "max": 512,
        "min": 32,
        "90th_percentile": 475.2
    },
    "mlp_units_3": {
        "average": 221.0,
        "median": 127.0,
        "max": 512,
        "min": 32,
        "90th_percentile": 438.2
    }
}