{"n_estimators": 201, "booster": "dart", "lambda": 0.49894910715151275, "alpha": 1.9205736895625396, "learning_rate": 0.051236328769705276, "max_depth": 25, "min_child_weight": 5, "colsample_bytree": 0.5, "subsample": 1.0}