{
    "best_trial": {
        "trial_id": "1",
        "hyperparameters": {
            "first_conv_filters": 96,
            "first_conv_kernel_size": 5,
            "num_conv_layers": 3,
            "final_pool_size": 2,
            "final_conv_dropout": 0.4,
            "num_lstm_layers": 1,
            "lstm_units_0": 320,
            "lstm_dropout": 0.2,
            "dense_units": 32,
            "learning_rate": 0.029608862684971447,
            "decay_steps": 8000,
            "decay_rate": 0.9857541313297731,
            "lstm_units_1": 512,
            "conv_filters_1": 32,
            "conv_kernel_size_1": 3,
            "conv_filters_2": 32,
            "conv_kernel_size_2": 3
        },
        "score": 0.6397169828414917,
        "metrics": {
            "loss": [
                0.6356294751167297
            ],
            "binary_accuracy": [
                0.6690094470977783
            ],
            "precision": [
                0.6690094470977783
            ],
            "recall": [
                1.0
            ],
            "val_loss": [
                0.6397169828414917
            ],
            "val_binary_accuracy": [
                0.6619842052459717
            ],
            "val_precision": [
                0.6619842052459717
            ],
            "val_recall": [
                1.0
            ]
        }
    },
    "worst_trial": {
        "trial_id": "0",
        "hyperparameters": {
            "first_conv_filters": 96,
            "first_conv_kernel_size": 5,
            "num_conv_layers": 1,
            "final_pool_size": 2,
            "final_conv_dropout": 0.2,
            "num_lstm_layers": 2,
            "lstm_units_0": 352,
            "lstm_dropout": 0.2,
            "dense_units": 32,
            "learning_rate": 0.00038046000096937893,
            "decay_steps": 1000,
            "decay_rate": 0.9466022785426829,
            "lstm_units_1": 32
        },
        "score": 0.6404638886451721,
        "metrics": {
            "loss": [
                0.6437716484069824
            ],
            "binary_accuracy": [
                0.6690094470977783
            ],
            "precision": [
                0.6692324876785278
            ],
            "recall": [
                0.9990150928497314
            ],
            "val_loss": [
                0.6404638886451721
            ],
            "val_binary_accuracy": [
                0.6619842052459717
            ],
            "val_precision": [
                0.6619842052459717
            ],
            "val_recall": [
                1.0
            ]
        }
    }
}