{
  "num_transformer_blocks": 3,
  "head_size": 40,
  "num_heads": 4,
  "ff_dim": 22,
  "transformer_dropout": 0.4038860713143492,
  "num_mlp_layers": 2,
  "mlp_units_0": 391,
  "mlp_dropout": 0.37508731011303503,
  "learning_rate": 0.0027573291121382884,
  "decay_steps": 2787,
  "decay_rate": 0.9886031947448195,
  "mlp_units_1": 419,
  "mlp_units_2": 109,
  "mlp_units_3": 75
}