{
  "num_transformer_blocks": 2,
  "head_size": 222,
  "num_heads": 4,
  "ff_dim": 20,
  "transformer_dropout": 0.08132264230514853,
  "num_mlp_layers": 2,
  "mlp_units_0": 485,
  "mlp_dropout": 0.20094821848665934,
  "learning_rate": 0.000777770298294773,
  "decay_steps": 8789,
  "decay_rate": 0.891247937180087,
  "mlp_units_1": 439,
  "mlp_units_2": 358,
  "mlp_units_3": 482
}