{
    "best_trial": {
        "trial_num": 4,
        "hyperparameters": {
            "num_transformer_blocks": 2,
            "head_size": 222,
            "num_heads": 4,
            "ff_dim": 20,
            "transformer_dropout": 0.08132264230514853,
            "num_mlp_layers": 2,
            "mlp_units_0": 485,
            "mlp_dropout": 0.20094821848665934,
            "learning_rate": 0.000777770298294773,
            "decay_steps": 8789,
            "decay_rate": 0.891247937180087,
            "mlp_units_1": 439,
            "mlp_units_2": 358,
            "mlp_units_3": 482
        },
        "score": 0.6542657494544983,
        "metrics": {
            "train_loss": 0.6322283029556275,
            "val_loss": 0.663917064666748,
            "train_binary_accuracy": 0.6390598177909851,
            "val_binary_accuracy": 0.6161140084266663,
            "train_precision": 0.6439799785614013,
            "val_precision": 0.6296723127365113,
            "train_recall": 0.7894517183303833,
            "val_recall": 0.776158618927002,
            "train_auc": 0.6933399558067321,
            "val_auc": 0.6542657494544983
        }
    },
    "worst_trial": {
        "trial_num": 1,
        "hyperparameters": {
            "num_transformer_blocks": 3,
            "head_size": 232,
            "num_heads": 2,
            "ff_dim": 27,
            "transformer_dropout": 0.1523047450825323,
            "num_mlp_layers": 3,
            "mlp_units_0": 438,
            "mlp_dropout": 0.21918635553854887,
            "learning_rate": 0.0056714713784213324,
            "decay_steps": 4754,
            "decay_rate": 0.8771391912111963,
            "mlp_units_1": 256,
            "mlp_units_2": 52,
            "mlp_units_3": 497
        },
        "score": 0.5,
        "metrics": {
            "train_loss": 0.6871801137924194,
            "val_loss": 0.6861302733421326,
            "train_binary_accuracy": 0.5546041965484619,
            "val_binary_accuracy": 0.5608953356742858,
            "train_precision": 0.5546041965484619,
            "val_precision": 0.5608953356742858,
            "train_recall": 1.0,
            "val_recall": 1.0,
            "train_auc": 0.5,
            "val_auc": 0.5
        }
    }
}