{
  "num_transformer_blocks": 3,
  "head_size": 209,
  "num_heads": 4,
  "ff_dim": 9,
  "transformer_dropout": 0.06478376665992104,
  "num_mlp_layers": 1,
  "mlp_units_0": 510,
  "mlp_dropout": 0.423645553736472,
  "learning_rate": 0.0002402008264809756,
  "decay_steps": 3856,
  "decay_rate": 0.9396176608520989,
  "mlp_units_1": 105,
  "mlp_units_2": 416,
  "mlp_units_3": 114
}