{
  "num_transformer_blocks": 2,
  "head_size": 255,
  "num_heads": 2,
  "ff_dim": 18,
  "transformer_dropout": 0.24144965098551985,
  "num_mlp_layers": 1,
  "mlp_units_0": 500,
  "mlp_dropout": 0.4836759062716454,
  "learning_rate": 0.0005027710737489364,
  "decay_steps": 2638,
  "decay_rate": 0.9759686431857973,
  "mlp_units_1": 446,
  "mlp_units_2": 294,
  "mlp_units_3": 240
}