{
    "best_trial": {
        "trial_num": 7,
        "hyperparameters": {
            "num_transformer_blocks": 2,
            "head_size": 255,
            "num_heads": 2,
            "ff_dim": 18,
            "transformer_dropout": 0.24144965098551985,
            "num_mlp_layers": 1,
            "mlp_units_0": 500,
            "mlp_dropout": 0.4836759062716454,
            "learning_rate": 0.0005027710737489364,
            "decay_steps": 2638,
            "decay_rate": 0.9759686431857973,
            "mlp_units_1": 446,
            "mlp_units_2": 294,
            "mlp_units_3": 240
        },
        "score": 0.806397819519043,
        "metrics": {
            "train_loss": 0.4361595571041107,
            "val_loss": 0.48466787338256834,
            "train_binary_accuracy": 0.7663349390029908,
            "val_binary_accuracy": 0.733129870891571,
            "train_precision": 0.7598180294036865,
            "val_precision": 0.7282901287078858,
            "train_recall": 0.8237840175628662,
            "val_recall": 0.8091165781021118,
            "train_auc": 0.8464311838150025,
            "val_auc": 0.806397819519043
        }
    },
    "worst_trial": {
        "trial_num": 3,
        "hyperparameters": {
            "num_transformer_blocks": 3,
            "head_size": 225,
            "num_heads": 4,
            "ff_dim": 24,
            "transformer_dropout": 0.042068953028302,
            "num_mlp_layers": 1,
            "mlp_units_0": 50,
            "mlp_dropout": 0.23100327509296248,
            "learning_rate": 0.03555218745688085,
            "decay_steps": 1015,
            "decay_rate": 0.8370179250240571,
            "mlp_units_1": 54,
            "mlp_units_2": 331,
            "mlp_units_3": 498
        },
        "score": 0.4999386191368103,
        "metrics": {
            "train_loss": 2.4956111192703245,
            "val_loss": 0.6397231698036194,
            "train_binary_accuracy": 0.5214880168437958,
            "val_binary_accuracy": 0.5239499628543853,
            "train_precision": 0.4461169496178627,
            "val_precision": 0.43083810806274414,
            "train_recall": 0.8000406700011808,
            "val_recall": 0.7999823212623596,
            "train_auc": 0.4998956203460693,
            "val_auc": 0.4999386191368103
        }
    }
}