{
    "lstm_units_0": {
        "average": 287.66,
        "median": 314.0,
        "max": 512,
        "min": 32,
        "90th_percentile": 512.0
    },
    "num_lstm_layers": {
        "average": 2.08,
        "median": 2.0,
        "max": 3,
        "min": 1,
        "90th_percentile": 3.0
    },
    "dense_units": {
        "average": 153.93,
        "median": 163.0,
        "max": 256,
        "min": 32,
        "90th_percentile": 252.40000000000003
    },
    "dropout_rate_dense": {
        "average": 0.16337284309766434,
        "median": 0.013942490738617228,
        "max": 0.5,
        "min": 0.0,
        "90th_percentile": 0.49430971398043067
    },
    "learning_rate": {
        "average": 0.005988429388540651,
        "median": 0.0006491599661981813,
        "max": 0.1,
        "min": 0.0001,
        "90th_percentile": 0.008787262136066391
    },
    "decay_steps": {
        "average": 5796.49,
        "median": 6284.5,
        "max": 10000,
        "min": 1000,
        "90th_percentile": 10000.0
    },
    "decay_rate": {
        "average": 0.8946911963311395,
        "median": 0.889540263362067,
        "max": 0.99,
        "min": 0.8,
        "90th_percentile": 0.9867703434588979
    },
    "lstm_units_1": {
        "average": 271.55,
        "median": 298.5,
        "max": 512,
        "min": 32,
        "90th_percentile": 482.6
    },
    "lstm_units_2": {
        "average": 232.61,
        "median": 192.0,
        "max": 512,
        "min": 32,
        "90th_percentile": 508.20000000000005
    },
    "lstm_units_3": {
        "average": 272.22,
        "median": 257.0,
        "max": 512,
        "min": 32,
        "90th_percentile": 512.0
    }
}