{
    "num_transformer_blocks": 3,
    "head_size": 132,
    "num_heads": 4,
    "ff_dim": 10,
    "transformer_dropout": 0.21888846000611928,
    "num_mlp_layers": 2,
    "mlp_units_0": 218,
    "mlp_dropout": 0.19770327597364473,
    "learning_rate": 0.0018896964778696618,
    "decay_steps": 2325,
    "decay_rate": 0.8789753938474741,
    "mlp_units_1": 166,
    "mlp_units_2": 43,
    "mlp_units_3": 313
}