{
    "num_transformer_blocks": 2,
    "head_size": 183,
    "num_heads": 4,
    "ff_dim": 63,
    "transformer_dropout": 0.3193369735469176,
    "num_mlp_layers": 1,
    "mlp_units_0": 43,
    "mlp_dropout": 0.0035002528343322523,
    "learning_rate": 0.002358525178712037,
    "decay_steps": 7531,
    "decay_rate": 0.8861276675387175
}