{
    "best_trial": {
        "trial_num": 2,
        "hyperparameters": {
            "num_transformer_blocks": 2,
            "head_size": 204,
            "num_heads": 8,
            "ff_dim": 18,
            "transformer_dropout": 0.36320662079898924,
            "num_mlp_layers": 1,
            "mlp_units_0": 428,
            "mlp_dropout": 0.32545037936277493,
            "learning_rate": 0.0005822086060413944,
            "decay_steps": 7769,
            "decay_rate": 0.9624873547301832,
            "mlp_units_1": 466,
            "mlp_units_2": 310,
            "mlp_units_3": 383
        },
        "score": 0.5266095995903015,
        "metrics": {
            "train_loss": 0.5898630619049072,
            "val_loss": 0.5979641795158386,
            "train_binary_accuracy": 0.5096594870090485,
            "val_binary_accuracy": 0.509387344121933,
            "train_precision": 0.5165286660194397,
            "val_precision": 0.5322717547416687,
            "train_recall": 0.6520083084702492,
            "val_recall": 0.70238077044487,
            "train_auc": 0.5073443412780761,
            "val_auc": 0.5266095995903015
        }
    },
    "worst_trial": {
        "trial_num": 17,
        "hyperparameters": {
            "num_transformer_blocks": 2,
            "head_size": 212,
            "num_heads": 4,
            "ff_dim": 42,
            "transformer_dropout": 0.23793285118867025,
            "num_mlp_layers": 3,
            "mlp_units_0": 449,
            "mlp_dropout": 0.4186127283934019,
            "learning_rate": 0.01799702036040614,
            "decay_steps": 4202,
            "decay_rate": 0.9862087265572577,
            "mlp_units_1": 214,
            "mlp_units_2": 99,
            "mlp_units_3": 436
        },
        "score": 0.5,
        "metrics": {
            "train_loss": 0.5895940661430359,
            "val_loss": 0.5991186618804931,
            "train_binary_accuracy": 0.5116187632083893,
            "val_binary_accuracy": 0.500246673822403,
            "train_precision": 0.41420722007751465,
            "val_precision": 0.40694239139556887,
            "train_recall": 0.8,
            "val_recall": 0.8,
            "train_auc": 0.5,
            "val_auc": 0.5
        }
    }
}