{
  "num_transformer_blocks": 2,
  "head_size": 74,
  "num_heads": 4,
  "ff_dim": 14,
  "transformer_dropout": 0.48091176914691003,
  "num_mlp_layers": 2,
  "mlp_units_0": 188,
  "mlp_dropout": 0.08199680148688311,
  "learning_rate": 0.010196946202203527,
  "decay_steps": 4754,
  "decay_rate": 0.9183467745224676,
  "mlp_units_1": 364,
  "mlp_units_2": 298,
  "mlp_units_3": 138
}