{
  "num_transformer_blocks": 3,
  "head_size": 56,
  "num_heads": 8,
  "ff_dim": 41,
  "transformer_dropout": 0.08732682121578351,
  "num_mlp_layers": 2,
  "mlp_units_0": 69,
  "mlp_dropout": 0.4709504066461081,
  "learning_rate": 0.0002619534620266462,
  "decay_steps": 1910,
  "decay_rate": 0.9722922873918354,
  "mlp_units_1": 359,
  "mlp_units_2": 264,
  "mlp_units_3": 385
}