{
  "num_transformer_blocks": 1,
  "head_size": 195,
  "num_heads": 2,
  "ff_dim": 27,
  "transformer_dropout": 0.18605419167575146,
  "num_mlp_layers": 1,
  "mlp_units_0": 328,
  "mlp_dropout": 0.31132756900030795,
  "learning_rate": 0.0001991500212215685,
  "decay_steps": 1262,
  "decay_rate": 0.8745242886762528,
  "mlp_units_1": 442,
  "mlp_units_2": 112,
  "mlp_units_3": 179
}