{
    "best_trial": {
        "trial_num": 4,
        "hyperparameters": {
            "num_transformer_blocks": 3,
            "head_size": 132,
            "num_heads": 4,
            "ff_dim": 10,
            "transformer_dropout": 0.21888846000611928,
            "num_mlp_layers": 2,
            "mlp_units_0": 218,
            "mlp_dropout": 0.19770327597364473,
            "learning_rate": 0.0018896964778696618,
            "decay_steps": 2325,
            "decay_rate": 0.8789753938474741,
            "mlp_units_1": 166,
            "mlp_units_2": 43,
            "mlp_units_3": 313
        },
        "score": 0.9563276529312134,
        "metrics": {
            "train_loss": 0.4253894597291946,
            "val_loss": 0.536106264591217,
            "train_binary_accuracy": 0.7084262251853943,
            "val_binary_accuracy": 0.7037518978118896,
            "train_precision": 0.7251906991004944,
            "val_precision": 0.7322449922561646,
            "train_recall": 0.9211530327796936,
            "val_recall": 0.8189548254013062,
            "train_auc": 0.8101071953773499,
            "val_auc": 0.9563276529312134
        }
    },
    "worst_trial": {
        "trial_num": 39,
        "hyperparameters": {
            "num_transformer_blocks": 2,
            "head_size": 163,
            "num_heads": 4,
            "ff_dim": 58,
            "transformer_dropout": 0.18975326491793099,
            "num_mlp_layers": 2,
            "mlp_units_0": 60,
            "mlp_dropout": 0.39266661640432277,
            "learning_rate": 0.07796667616990183,
            "decay_steps": 4552,
            "decay_rate": 0.8646519258954166,
            "mlp_units_1": 352,
            "mlp_units_2": 386,
            "mlp_units_3": 166
        },
        "score": 0.5000000953674316,
        "metrics": {
            "train_loss": 2424.667453157902,
            "val_loss": 7288.384472990036,
            "train_binary_accuracy": 0.5467935621738433,
            "val_binary_accuracy": 0.5732835412025452,
            "train_precision": 0.36525200605392455,
            "val_precision": 0.34049718379974364,
            "train_recall": 0.6,
            "val_recall": 0.6,
            "train_auc": 0.4999999701976776,
            "val_auc": 0.5000000953674316
        }
    }
}