{
    "conv_filters_0": 47,
    "conv_kernel_size_0": 5,
    "num_conv_layers": 1,
    "conv_pool_size": 2,
    "conv_dropout": 0.03254821187993729,
    "num_lstm_layers": 3,
    "lstm_dropout": 0.005314672101683183,
    "dense_units": 218,
    "learning_rate": 0.0008095425180834763,
    "decay_steps": 3287,
    "decay_rate": 0.9700686539205166,
    "conv_filters_1": 112,
    "conv_kernel_size_1": 5,
    "conv_filters_2": 40,
    "conv_kernel_size_2": 3,
    "lstm_units_0": 481,
    "lstm_units_1": 490,
    "lstm_units_2": 494
}