{
    "conv_filters_0": {
        "average": 80.63,
        "median": 82.5,
        "max": 128,
        "min": 32,
        "90th_percentile": 117.0
    },
    "conv_kernel_size_0": {
        "average": 3.66,
        "median": 3.0,
        "max": 5,
        "min": 3,
        "90th_percentile": 5.0
    },
    "num_conv_layers": {
        "average": 1.77,
        "median": 2.0,
        "max": 3,
        "min": 1,
        "90th_percentile": 3.0
    },
    "conv_pool_size": {
        "average": 2.66,
        "median": 3.0,
        "max": 3,
        "min": 2,
        "90th_percentile": 3.0
    },
    "conv_dropout": {
        "average": 0.1975833030788656,
        "median": 0.17209949952168418,
        "max": 0.5,
        "min": 0.0,
        "90th_percentile": 0.44776002131590126
    },
    "num_lstm_layers": {
        "average": 1.91,
        "median": 2.0,
        "max": 3,
        "min": 1,
        "90th_percentile": 3.0
    },
    "lstm_dropout": {
        "average": 0.19791103765592016,
        "median": 0.18424263025396104,
        "max": 0.5,
        "min": 0.0,
        "90th_percentile": 0.4664549830068881
    },
    "dense_units": {
        "average": 139.66,
        "median": 132.0,
        "max": 256,
        "min": 32,
        "90th_percentile": 239.10000000000002
    },
    "learning_rate": {
        "average": 0.00608753540054762,
        "median": 0.000624803361770443,
        "max": 0.09199650755067665,
        "min": 0.0001,
        "90th_percentile": 0.017244096926959596
    },
    "decay_steps": {
        "average": 5888.52,
        "median": 5958.5,
        "max": 10000,
        "min": 1000,
        "90th_percentile": 10000.0
    },
    "decay_rate": {
        "average": 0.9007525506911661,
        "median": 0.912875723306168,
        "max": 0.99,
        "min": 0.8,
        "90th_percentile": 0.9838378158532469
    },
    "conv_filters_1": {
        "average": 92.48,
        "median": 94.0,
        "max": 128,
        "min": 32,
        "90th_percentile": 128.0
    },
    "conv_kernel_size_1": {
        "average": 3.98,
        "median": 3.0,
        "max": 5,
        "min": 3,
        "90th_percentile": 5.0
    },
    "conv_filters_2": {
        "average": 78.4,
        "median": 87.5,
        "max": 128,
        "min": 32,
        "90th_percentile": 118.40000000000003
    },
    "conv_kernel_size_2": {
        "average": 4.28,
        "median": 5.0,
        "max": 5,
        "min": 3,
        "90th_percentile": 5.0
    },
    "lstm_units_0": {
        "average": 326.33,
        "median": 351.5,
        "max": 512,
        "min": 32,
        "90th_percentile": 512.0
    },
    "lstm_units_1": {
        "average": 332.04,
        "median": 372.5,
        "max": 512,
        "min": 32,
        "90th_percentile": 512.0
    },
    "lstm_units_2": {
        "average": 286.12,
        "median": 291.5,
        "max": 512,
        "min": 32,
        "90th_percentile": 512.0
    }
}