{
    "best_trial": {
        "trial_num": 2,
        "hyperparameters": {
            "num_transformer_blocks": 3,
            "head_size": 80,
            "num_heads": 4,
            "ff_dim": 16,
            "transformer_dropout": 0.3267764994261594,
            "num_mlp_layers": 2,
            "mlp_units_0": 215,
            "mlp_dropout": 0.23144664300904638,
            "learning_rate": 0.0005826849563656118,
            "decay_steps": 3711,
            "decay_rate": 0.9757593216457063,
            "mlp_units_1": 62,
            "mlp_units_2": 402,
            "mlp_units_3": 261
        },
        "score": 0.8937904715538025,
        "metrics": {
            "train_loss": 0.2754294812679291,
            "val_loss": 0.40839757323265075,
            "train_binary_accuracy": 0.880884873867035,
            "val_binary_accuracy": 0.8231581449508667,
            "train_precision": 0.7199585318565369,
            "val_precision": 0.7790066361427307,
            "train_recall": 0.7740030884742737,
            "val_recall": 0.5795244455337525,
            "train_auc": 0.9307152271270752,
            "val_auc": 0.8937904715538025
        }
    },
    "worst_trial": {
        "trial_num": 1,
        "hyperparameters": {
            "num_transformer_blocks": 2,
            "head_size": 225,
            "num_heads": 2,
            "ff_dim": 44,
            "transformer_dropout": 0.045682388005312,
            "num_mlp_layers": 1,
            "mlp_units_0": 230,
            "mlp_dropout": 0.0062979855474181185,
            "learning_rate": 0.03485012282956112,
            "decay_steps": 8958,
            "decay_rate": 0.8768672555557945,
            "mlp_units_1": 186,
            "mlp_units_2": 462,
            "mlp_units_3": 72
        },
        "score": 0.5097258806228637,
        "metrics": {
            "train_loss": 0.5032371520996094,
            "val_loss": 0.5824443817138671,
            "train_binary_accuracy": 0.7742665052413941,
            "val_binary_accuracy": 0.7142885804176331,
            "train_precision": 0.05829784274101257,
            "val_precision": 0.2,
            "train_recall": 2.529562516428996e-06,
            "val_recall": 0.00017143194563686847,
            "train_auc": 0.517469835281372,
            "val_auc": 0.5097258806228637
        }
    }
}