{
  "num_transformer_blocks": 1,
  "head_size": 192,
  "num_heads": 4,
  "ff_dim": 45,
  "transformer_dropout": 0.29436132750140775,
  "num_mlp_layers": 2,
  "mlp_units_0": 194,
  "mlp_dropout": 0.19208150728965662,
  "learning_rate": 0.00025916782660414796,
  "decay_steps": 8536,
  "decay_rate": 0.9712310536185278,
  "mlp_units_1": 101,
  "mlp_units_2": 212,
  "mlp_units_3": 391
}