{
    "best_trial": {
        "trial_num": 1,
        "hyperparameters": {
            "num_transformer_blocks": 1,
            "head_size": 222,
            "num_heads": 4,
            "ff_dim": 64,
            "transformer_dropout": 0.20624004344440722,
            "num_mlp_layers": 1,
            "mlp_units_0": 356,
            "mlp_dropout": 0.2828351372878493,
            "learning_rate": 0.00031713678007424737,
            "decay_steps": 3328,
            "decay_rate": 0.9845847083563415,
            "mlp_units_1": 414,
            "mlp_units_2": 343,
            "mlp_units_3": 447
        },
        "score": 0.8911751270294189,
        "metrics": {
            "train_loss": 0.3109425812959671,
            "val_loss": 0.4167515873908997,
            "train_binary_accuracy": 0.8536213040351868,
            "val_binary_accuracy": 0.8006423115730286,
            "train_precision": 0.8388760328292847,
            "val_precision": 0.8028209805488586,
            "train_recall": 0.8579123377799988,
            "val_recall": 0.7807577013969421,
            "train_auc": 0.9306836009025574,
            "val_auc": 0.8911751270294189
        }
    },
    "worst_trial": {
        "trial_num": 1,
        "hyperparameters": {
            "num_transformer_blocks": 1,
            "head_size": 222,
            "num_heads": 4,
            "ff_dim": 64,
            "transformer_dropout": 0.20624004344440722,
            "num_mlp_layers": 1,
            "mlp_units_0": 356,
            "mlp_dropout": 0.2828351372878493,
            "learning_rate": 0.00031713678007424737,
            "decay_steps": 3328,
            "decay_rate": 0.9845847083563415,
            "mlp_units_1": 414,
            "mlp_units_2": 343,
            "mlp_units_3": 447
        },
        "score": 0.8911751270294189,
        "metrics": {
            "train_loss": 0.3109425812959671,
            "val_loss": 0.4167515873908997,
            "train_binary_accuracy": 0.8536213040351868,
            "val_binary_accuracy": 0.8006423115730286,
            "train_precision": 0.8388760328292847,
            "val_precision": 0.8028209805488586,
            "train_recall": 0.8579123377799988,
            "val_recall": 0.7807577013969421,
            "train_auc": 0.9306836009025574,
            "val_auc": 0.8911751270294189
        }
    }
}