{
    "num_transformer_blocks": {
        "average": 1.5,
        "median": 1.5,
        "max": 2,
        "min": 1,
        "90th_percentile": 1.9
    },
    "head_size": {
        "average": 127.5,
        "median": 127.5,
        "max": 223,
        "min": 32,
        "90th_percentile": 203.9
    },
    "num_heads": {
        "average": 6.0,
        "median": 6.0,
        "max": 8,
        "min": 4,
        "90th_percentile": 7.6
    },
    "ff_dim": {
        "average": 42.0,
        "median": 42.0,
        "max": 64,
        "min": 20,
        "90th_percentile": 59.6
    },
    "transformer_dropout": {
        "average": 0.12531750941354544,
        "median": 0.12531750941354544,
        "max": 0.2506350188270909,
        "min": 0.0,
        "90th_percentile": 0.2255715169443818
    },
    "num_mlp_layers": {
        "average": 2.0,
        "median": 2.0,
        "max": 2,
        "min": 2,
        "90th_percentile": 2.0
    },
    "mlp_units_0": {
        "average": 359.5,
        "median": 359.5,
        "max": 512,
        "min": 207,
        "90th_percentile": 481.5
    },
    "mlp_dropout": {
        "average": 0.31530844571418964,
        "median": 0.31530844571418964,
        "max": 0.5,
        "min": 0.13061689142837926,
        "90th_percentile": 0.46306168914283796
    },
    "learning_rate": {
        "average": 0.050386646974035665,
        "median": 0.050386646974035665,
        "max": 0.1,
        "min": 0.000773293948071321,
        "90th_percentile": 0.09007732939480714
    },
    "decay_steps": {
        "average": 6524.0,
        "median": 6524.0,
        "max": 10000,
        "min": 3048,
        "90th_percentile": 9304.8
    },
    "decay_rate": {
        "average": 0.8938797397750149,
        "median": 0.8938797397750149,
        "max": 0.9877594795500297,
        "min": 0.8,
        "90th_percentile": 0.9689835315950268
    },
    "mlp_units_1": {
        "average": 322.0,
        "median": 322.0,
        "max": 512,
        "min": 132,
        "90th_percentile": 474.0
    },
    "mlp_units_2": {
        "average": 317.5,
        "median": 317.5,
        "max": 512,
        "min": 123,
        "90th_percentile": 473.1
    },
    "mlp_units_3": {
        "average": 323.0,
        "median": 323.0,
        "max": 512,
        "min": 134,
        "90th_percentile": 474.2
    }
}