{
    "best_trial": {
        "hyperparameters": {
            "num_transformer_blocks": 2,
            "head_size": 223,
            "num_heads": 4,
            "ff_dim": 20,
            "transformer_dropout": 0.2506350188270909,
            "num_mlp_layers": 2,
            "mlp_units_0": 207,
            "mlp_dropout": 0.13061689142837926,
            "learning_rate": 0.000773293948071321,
            "decay_steps": 3048,
            "decay_rate": 0.9877594795500297,
            "mlp_units_1": 132,
            "mlp_units_2": 123,
            "mlp_units_3": 134
        },
        "score": 0.5414440274238587,
        "metrics": {
            "train_loss": 0.6574259996414185,
            "val_loss": 0.7074569582939148,
            "train_binary_accuracy": 0.6208542644977569,
            "val_binary_accuracy": 0.5068676710128784,
            "train_precision": 0.7555108308792114,
            "val_precision": 0.7151004672050476,
            "train_recall": 0.6419621169567108,
            "val_recall": 0.4763389494270086,
            "train_auc": 0.6396655082702637,
            "val_auc": 0.5414440274238587
        }
    },
    "worst_trial": {
        "hyperparameters": {
            "num_transformer_blocks": 1,
            "head_size": 32,
            "num_heads": 8,
            "ff_dim": 64,
            "transformer_dropout": 0.0,
            "num_mlp_layers": 2,
            "mlp_units_0": 512,
            "mlp_dropout": 0.5,
            "learning_rate": 0.1,
            "decay_steps": 10000,
            "decay_rate": 0.8,
            "mlp_units_1": 512,
            "mlp_units_2": 512,
            "mlp_units_3": 512
        },
        "score": 0.5011889934539795,
        "metrics": {
            "train_loss": 295.84108980894086,
            "val_loss": 406.6583994746208,
            "train_binary_accuracy": 0.44941374063491824,
            "val_binary_accuracy": 0.48140703439712523,
            "train_precision": 0.2645436406135559,
            "val_precision": 0.2637192726135254,
            "train_recall": 0.3994949460029602,
            "val_recall": 0.39742268323898317,
            "train_auc": 0.5067531526088714,
            "val_auc": 0.5011889934539795
        }
    }
}